{"cameraMode":{"drawMode":0,"name":"Shaded","section":"Shading Mode"},"sceneLighting":true,"audioPlay":false,"sceneViewState":{"showFog":true,"showMaterialUpdate":false,"showSkybox":true,"showFlares":true,"showImageEffects":true,"showParticleSystems":true},"in2DMode":false,"pivot":{"x":-10.471048355102539,"y":-2.0625874996185304,"z":-4.98790979385376},"rotation":{"x":-0.12218022346496582,"y":0.7929808497428894,"z":-0.16927464306354524,"w":-0.5723634362220764},"size":10.0,"orthographic":false}